-- ============================================================
-- SEED DATA: 3 New Users
-- Female 1: Maya Patel        — 5 days
-- Female 2: Jordan Ellis      — 25 days (bronze)
-- Male:     Marcus Webb       — 50 days (bronze + silver)
-- ============================================================
-- ============================================================
-- USERS
-- ============================================================
INSERT INTO users(id, email, name, password_hash, avatar_url, created_at, updated_at)
VALUES
  ('a1b2c3d4-e5f6-7890-abcd-ef1234567890', 'alex.carter@example.com', 'Alex Carter', '$2b$10$U9BV1M8xFDPdrQWhNh0w2u6wPgPvPGQ3AA0WFPTluRxNLfjVqMrDS', 'https://api.dicebear.com/7.x/thumbs/svg?seed=alex', '2024-09-01 08:00:00+00', '2024-09-01 08:00:00+00'),
('b2c3d4e5-f6a7-8901-bcde-f12345678901', 'maya.patel@example.com', 'Maya Patel', '$2b$10$U9BV1M8xFDPdrQWhNh0w2u6wPgPvPGQ3AA0WFPTluRxNLfjVqMrDS', 'https://api.dicebear.com/7.x/thumbs/svg?seed=maya', '2024-10-01 07:30:00+00', '2024-10-01 07:30:00+00'),
('c3d4e5f6-a7b8-9012-cdef-123456789012', 'jordan.ellis@example.com', 'Jordan Ellis', '$2b$10$U9BV1M8xFDPdrQWhNh0w2u6wPgPvPGQ3AA0WFPTluRxNLfjVqMrDS', 'https://api.dicebear.com/7.x/thumbs/svg?seed=jordan', '2024-09-05 06:00:00+00', '2024-09-05 06:00:00+00'),
('d4e5f6a7-b8c9-0123-defa-234567890123', 'marcus.webb@example.com', 'Marcus Webb', '$2b$10$U9BV1M8xFDPdrQWhNh0w2u6wPgPvPGQ3AA0WFPTluRxNLfjVqMrDS', 'https://api.dicebear.com/7.x/thumbs/svg?seed=marcus', '2024-08-20 05:45:00+00', '2024-08-20 05:45:00+00');

-- ============================================================
-- TOKENS
-- ============================================================
INSERT INTO tokens(user_id, hash, expires_at, created_at, revoked)
VALUES
  ('a1b2c3d4-e5f6-7890-abcd-ef1234567890', 'e3b0c44298fc1c149afbf4c8996fb92427ae41e4649b934ca495991b7852b855', '2024-12-01 08:00:00+00', '2024-09-01 08:00:00+00', FALSE),
('b2c3d4e5-f6a7-8901-bcde-f12345678901', 'a1f3c22d9e0b4c5e7d8f9a0b1c2d3e4f5a6b7c8d9e0f1a2b3c4d5e6f7a8b9c0d', '2025-01-01 07:30:00+00', '2024-10-01 07:30:00+00', FALSE),
('c3d4e5f6-a7b8-9012-cdef-123456789012', 'b2e4d33e0f1c5d6e8f9a0b1c2d3e4f5a6b7c8d9e0f1a2b3c4d5e6f7a8b9c0d1e', '2025-01-01 06:00:00+00', '2024-09-05 06:00:00+00', FALSE),
('d4e5f6a7-b8c9-0123-defa-234567890123', 'c3f5e44f1a2d6e7f9a0b1c2d3e4f5a6b7c8d9e0f1a2b3c4d5e6f7a8b9c0d1e2f', '2025-01-01 05:45:00+00', '2024-08-20 05:45:00+00', FALSE);

-- ============================================================
-- DAYS: Alex Carter — 75 days
-- ============================================================
INSERT INTO days(user_id, day_number, diet_adhered, outdoor_workout_completed, indoor_workout_completed, water_consumed, pages_read, mood_rating, achievements, challenges, next_day_focus, progress_pic_key, created_at)
VALUES
  ('a1b2c3d4-e5f6-7890-abcd-ef1234567890', 1, TRUE, TRUE, TRUE, TRUE, TRUE, 4, 'Completed first day strong. Stuck to meal prep and both workouts.', 'Morning workout felt rough. Body not used to early wake-ups.', 'Set alarm 15 minutes earlier to give more transition time.', '1a82407e-18fb-4443-9515-c72451d361c3/11a86349-b829-44ba-82e8-8fbb7b2287ec.jpg', '2024-09-01 22:00:00'),
('a1b2c3d4-e5f6-7890-abcd-ef1234567890', 2, TRUE, TRUE, TRUE, TRUE, TRUE, 4, 'Hit water goal before 6pm for the first time. Reading felt enjoyable.', 'Diet slipped slightly at lunch - chose a smaller portion than planned.', 'Prep lunch the night before to avoid guessing.', '1a82407e-18fb-4443-9515-c72451d361c3/11a86349-b829-44ba-82e8-8fbb7b2287ec.jpg', '2024-09-02 22:00:00'),
('a1b2c3d4-e5f6-7890-abcd-ef1234567890', 3, TRUE, TRUE, TRUE, TRUE, TRUE, 3, 'Kept indoor workout session going despite low energy.', 'Rain cancelled outdoor walk. Felt guilty about missing it.', 'Check weather the night before and have a backup outdoor plan.', '1a82407e-18fb-4443-9515-c72451d361c3/11a86349-b829-44ba-82e8-8fbb7b2287ec.jpg', '2024-09-03 22:00:00'),
('a1b2c3d4-e5f6-7890-abcd-ef1234567890', 4, TRUE, TRUE, TRUE, TRUE, TRUE, 5, 'Best day so far. Energy was high all day. Outdoor run felt effortless.', 'Almost skipped reading due to tiredness but pushed through.', 'Use the high-energy days to build momentum, not coast.', '1a82407e-18fb-4443-9515-c72451d361c3/11a86349-b829-44ba-82e8-8fbb7b2287ec.jpg', '2024-09-04 22:00:00'),
('a1b2c3d4-e5f6-7890-abcd-ef1234567890', 5, TRUE, TRUE, TRUE, TRUE, TRUE, 4, 'Five days straight. Diet fully on track. Morning run was peaceful.', 'Social event made sticking to diet awkward.', 'Plan what to eat before going out next time.', '1a82407e-18fb-4443-9515-c72451d361c3/11a86349-b829-44ba-82e8-8fbb7b2287ec.jpg', '2024-09-05 22:00:00'),
('a1b2c3d4-e5f6-7890-abcd-ef1234567890', 6, TRUE, TRUE, TRUE, TRUE, TRUE, 3, 'Both workouts done despite diet slip. Reading streak intact.', 'Diet failed at dinner - gave in to takeaway after a long day.', 'Cook a batch of emergency meals for busy nights.', '1a82407e-18fb-4443-9515-c72451d361c3/11a86349-b829-44ba-82e8-8fbb7b2287ec.jpg', '2024-09-06 22:00:00'),
('a1b2c3d4-e5f6-7890-abcd-ef1234567890', 7, TRUE, TRUE, TRUE, TRUE, TRUE, 4, 'Full week complete. Recovered from yesterday. Feeling more disciplined.', 'Week fatigue hit hard in the afternoon. Almost skipped indoor workout.', 'Schedule indoor workout in the morning on Sundays.', '1a82407e-18fb-4443-9515-c72451d361c3/11a86349-b829-44ba-82e8-8fbb7b2287ec.jpg', '2024-09-07 22:00:00'),
('a1b2c3d4-e5f6-7890-abcd-ef1234567890', 8, TRUE, TRUE, TRUE, TRUE, TRUE, 4, 'Noticed clothes fitting slightly better. Motivation boosted.', 'Hard to focus on reading - mind kept wandering to work stress.', 'Try reading earlier in the day when focus is sharper.', '1a82407e-18fb-4443-9515-c72451d361c3/11a86349-b829-44ba-82e8-8fbb7b2287ec.jpg', '2024-09-08 22:00:00'),
('a1b2c3d4-e5f6-7890-abcd-ef1234567890', 9, TRUE, TRUE, TRUE, TRUE, TRUE, 3, 'Outdoor workout was long and felt really good. Diet clean all day.', 'Work ran late - missed indoor workout entirely.', 'Block workout time in calendar so work cannot override it.', '1a82407e-18fb-4443-9515-c72451d361c3/11a86349-b829-44ba-82e8-8fbb7b2287ec.jpg', '2024-09-09 22:00:00'),
('a1b2c3d4-e5f6-7890-abcd-ef1234567890', 10, TRUE, TRUE, TRUE, TRUE, TRUE, 5, 'Day 10 milestone. Feeling strong. Took first progress photo mentally.', 'Nothing major. This was a good day.', 'Keep this energy going into the second week.', '1a82407e-18fb-4443-9515-c72451d361c3/11a86349-b829-44ba-82e8-8fbb7b2287ec.jpg', '2024-09-10 22:00:00'),
('a1b2c3d4-e5f6-7890-abcd-ef1234567890', 11, TRUE, TRUE, TRUE, TRUE, TRUE, 4, 'Woke up without an alarm. Body is adjusting to the routine.', 'Cravings hit hard after dinner. Stayed strong.', 'Keep sugar-free snacks available for cravings.', '1a82407e-18fb-4443-9515-c72451d361c3/11a86349-b829-44ba-82e8-8fbb7b2287ec.jpg', '2024-09-11 22:00:00'),
('a1b2c3d4-e5f6-7890-abcd-ef1234567890', 12, TRUE, TRUE, TRUE, TRUE, TRUE, 3, 'Indoor workout was intense. Reading chapter was gripping.', 'Skipped outdoor workout - felt too exhausted from poor sleep.', 'Prioritise sleep. 7 hours minimum.', '1a82407e-18fb-4443-9515-c72451d361c3/11a86349-b829-44ba-82e8-8fbb7b2287ec.jpg', '2024-09-12 22:00:00'),
('a1b2c3d4-e5f6-7890-abcd-ef1234567890', 13, TRUE, TRUE, TRUE, TRUE, TRUE, 4, 'Two weeks almost done. Body feels leaner. Mindset sharper.', 'Social pressure to drink at a gathering. Declined.', 'Have a confident response ready when people push about drinking.', '1a82407e-18fb-4443-9515-c72451d361c3/11a86349-b829-44ba-82e8-8fbb7b2287ec.jpg', '2024-09-13 22:00:00'),
('a1b2c3d4-e5f6-7890-abcd-ef1234567890', 14, TRUE, TRUE, TRUE, TRUE, TRUE, 5, 'Two full weeks. Visibly more defined. Sleep quality improved hugely.', 'Minor knee discomfort on run. Slowed pace.', 'Add stretching routine before outdoor workouts.', '1a82407e-18fb-4443-9515-c72451d361c3/11a86349-b829-44ba-82e8-8fbb7b2287ec.jpg', '2024-09-14 22:00:00'),
('a1b2c3d4-e5f6-7890-abcd-ef1234567890', 15, TRUE, TRUE, TRUE, TRUE, TRUE, 4, 'Halfway to bronze. Consistency is becoming second nature.', 'Hunger was intense today - may need to adjust macros.', 'Research whether calorie intake needs to increase on high-output days.', '1a82407e-18fb-4443-9515-c72451d361c3/11a86349-b829-44ba-82e8-8fbb7b2287ec.jpg', '2024-09-15 22:00:00'),
('a1b2c3d4-e5f6-7890-abcd-ef1234567890', 16, TRUE, TRUE, TRUE, TRUE, TRUE, 4, 'Outdoor run in the rain. Felt tough but empowering.', 'Getting bored of meal options. Need more variety.', 'Find five new compliant recipes this week.', '1a82407e-18fb-4443-9515-c72451d361c3/11a86349-b829-44ba-82e8-8fbb7b2287ec.jpg', '2024-09-16 22:00:00'),
('a1b2c3d4-e5f6-7890-abcd-ef1234567890', 17, TRUE, TRUE, TRUE, TRUE, TRUE, 3, 'Got through a tough mental day without breaking the streak.', 'Low mood made everything harder. Still completed all tasks.', 'On low-mood days, start with the smallest task first to build momentum.', '1a82407e-18fb-4443-9515-c72451d361c3/11a86349-b829-44ba-82e8-8fbb7b2287ec.jpg', '2024-09-17 22:00:00'),
('a1b2c3d4-e5f6-7890-abcd-ef1234567890', 18, TRUE, TRUE, TRUE, TRUE, TRUE, 3, 'Both workouts completed. Water and reading done.', 'Diet fell apart at lunch meeting - no good options available.', 'Always carry a compliant snack to meetings.', '1a82407e-18fb-4443-9515-c72451d361c3/11a86349-b829-44ba-82e8-8fbb7b2287ec.jpg', '2024-09-18 22:00:00'),
('a1b2c3d4-e5f6-7890-abcd-ef1234567890', 19, TRUE, TRUE, TRUE, TRUE, TRUE, 4, 'Strong recovery day after yesterday slip. Back fully on track.', 'Felt shame about yesterday. Had to push through mental resistance.', 'Separate identity from a single bad day. One slip is not failure.', '1a82407e-18fb-4443-9515-c72451d361c3/11a86349-b829-44ba-82e8-8fbb7b2287ec.jpg', '2024-09-19 22:00:00'),
('a1b2c3d4-e5f6-7890-abcd-ef1234567890', 20, TRUE, TRUE, TRUE, TRUE, TRUE, 5, 'Twenty days done. Visible muscle definition. Running pace faster.', 'Almost nothing. This was one of the best days yet.', 'Use this benchmark day as a reference on hard days.', '1a82407e-18fb-4443-9515-c72451d361c3/11a86349-b829-44ba-82e8-8fbb7b2287ec.jpg', '2024-09-20 22:00:00'),
('a1b2c3d4-e5f6-7890-abcd-ef1234567890', 21, TRUE, TRUE, TRUE, TRUE, TRUE, 4, 'Three weeks in. Habit feels automatic now. Less mental effort required.', 'Restless sleep. Workouts felt sluggish.', 'Reduce screen time after 9pm to improve sleep.', '1a82407e-18fb-4443-9515-c72451d361c3/11a86349-b829-44ba-82e8-8fbb7b2287ec.jpg', '2024-09-21 22:00:00'),
('a1b2c3d4-e5f6-7890-abcd-ef1234567890', 22, TRUE, TRUE, TRUE, TRUE, TRUE, 4, 'Morning energy levels noticeably higher than week one.', 'Work deadline caused stress eating urge. Resisted.', 'Walk outside briefly when work stress spikes.', '1a82407e-18fb-4443-9515-c72451d361c3/11a86349-b829-44ba-82e8-8fbb7b2287ec.jpg', '2024-09-22 22:00:00'),
('a1b2c3d4-e5f6-7890-abcd-ef1234567890', 23, TRUE, TRUE, TRUE, TRUE, TRUE, 3, 'Indoor workout especially focused today. Diet perfect.', 'Outdoor workout skipped due to severe weather warning.', 'Accept weather as uncontrollable. Focus on what is within control.', '1a82407e-18fb-4443-9515-c72451d361c3/11a86349-b829-44ba-82e8-8fbb7b2287ec.jpg', '2024-09-23 22:00:00'),
('a1b2c3d4-e5f6-7890-abcd-ef1234567890', 24, TRUE, TRUE, TRUE, TRUE, TRUE, 4, 'One day from bronze. Feeling proud and motivated.', 'Mild anxiety about hitting the 25-day mark - fear of losing momentum after.', 'Remind myself that 25 is a waypoint, not a finish line.', '1a82407e-18fb-4443-9515-c72451d361c3/11a86349-b829-44ba-82e8-8fbb7b2287ec.jpg', '2024-09-24 22:00:00'),
('a1b2c3d4-e5f6-7890-abcd-ef1234567890', 25, TRUE, TRUE, TRUE, TRUE, TRUE, 5, 'BRONZE MILESTONE. 25 days complete. Body and mind transformed so far.', 'Temptation to celebrate with a cheat meal. Stayed disciplined.', 'Channel celebration energy into the next 25 days.', '1a82407e-18fb-4443-9515-c72451d361c3/11a86349-b829-44ba-82e8-8fbb7b2287ec.jpg', '2024-09-25 22:00:00'),
('a1b2c3d4-e5f6-7890-abcd-ef1234567890', 26, TRUE, TRUE, TRUE, TRUE, TRUE, 4, 'Post-milestone momentum is real. No drop-off.', 'Slight overconfidence led to a sloppy diet choice. Caught it early.', 'Stay humble after wins. Discipline does not take days off.', '1a82407e-18fb-4443-9515-c72451d361c3/11a86349-b829-44ba-82e8-8fbb7b2287ec.jpg', '2024-09-26 22:00:00'),
('a1b2c3d4-e5f6-7890-abcd-ef1234567890', 27, TRUE, TRUE, TRUE, TRUE, TRUE, 4, 'New running route discovered. Outdoor workout was refreshing.', 'Reading felt like a chore today.', 'Switch book genre temporarily if current book loses engagement.', '1a82407e-18fb-4443-9515-c72451d361c3/11a86349-b829-44ba-82e8-8fbb7b2287ec.jpg', '2024-09-27 22:00:00'),
('a1b2c3d4-e5f6-7890-abcd-ef1234567890', 28, TRUE, TRUE, TRUE, TRUE, TRUE, 3, 'Four weeks complete. Staying consistent through monotony is the real win.', 'Boredom with the routine. Everything felt mechanical.', 'Introduce small novelty - new workout music, new walking path.', '1a82407e-18fb-4443-9515-c72451d361c3/11a86349-b829-44ba-82e8-8fbb7b2287ec.jpg', '2024-09-28 22:00:00'),
('a1b2c3d4-e5f6-7890-abcd-ef1234567890', 29, TRUE, TRUE, TRUE, TRUE, TRUE, 4, 'Energy and mood lifted again. Boredom phase passed.', 'Hunger spikes in late evening are becoming a pattern.', 'Shift last meal to 30 minutes later to close the hunger window.', '1a82407e-18fb-4443-9515-c72451d361c3/11a86349-b829-44ba-82e8-8fbb7b2287ec.jpg', '2024-09-29 22:00:00'),
('a1b2c3d4-e5f6-7890-abcd-ef1234567890', 30, TRUE, TRUE, TRUE, TRUE, TRUE, 5, 'Day 30. Forty percent done. Jeans from two years ago fit again.', 'Hard to believe this is real. Imposter feeling crept in.', 'Track progress objectively - photos and numbers do not lie.', '1a82407e-18fb-4443-9515-c72451d361c3/11a86349-b829-44ba-82e8-8fbb7b2287ec.jpg', '2024-09-30 22:00:00'),
('a1b2c3d4-e5f6-7890-abcd-ef1234567890', 31, TRUE, TRUE, TRUE, TRUE, TRUE, 4, 'Started second month feeling strong and clear-headed.', 'Slight cold symptoms. Pushed through carefully.', 'Hydrate extra and reduce intensity if symptoms worsen.', '1a82407e-18fb-4443-9515-c72451d361c3/11a86349-b829-44ba-82e8-8fbb7b2287ec.jpg', '2024-10-01 22:00:00'),
('a1b2c3d4-e5f6-7890-abcd-ef1234567890', 32, TRUE, TRUE, TRUE, TRUE, TRUE, 3, 'Recovered from cold. Indoor workout kept streak alive.', 'Outdoor workout skipped due to illness caution.', 'Returning to full outdoor routine tomorrow.', '1a82407e-18fb-4443-9515-c72451d361c3/11a86349-b829-44ba-82e8-8fbb7b2287ec.jpg', '2024-10-02 22:00:00'),
('a1b2c3d4-e5f6-7890-abcd-ef1234567890', 33, TRUE, TRUE, TRUE, TRUE, TRUE, 4, 'Full recovery. Back to 100 percent. Both workouts felt great.', 'Lost two days of full output. Had to mentally reset.', 'Health setbacks are not character failures.', '1a82407e-18fb-4443-9515-c72451d361c3/11a86349-b829-44ba-82e8-8fbb7b2287ec.jpg', '2024-10-03 22:00:00'),
('a1b2c3d4-e5f6-7890-abcd-ef1234567890', 34, TRUE, TRUE, TRUE, TRUE, TRUE, 4, 'Crossed the halfway mark to silver. Diet has become instinctive.', 'Skipped a social event to stay on schedule. Felt isolated briefly.', 'Find one way to socialise that fits within the program.', '1a82407e-18fb-4443-9515-c72451d361c3/11a86349-b829-44ba-82e8-8fbb7b2287ec.jpg', '2024-10-04 22:00:00'),
('a1b2c3d4-e5f6-7890-abcd-ef1234567890', 35, TRUE, TRUE, TRUE, TRUE, TRUE, 5, 'Five weeks done. Confidence is up. Posture has improved noticeably.', 'Mild DOMS in legs made running uncomfortable.', 'Add foam rolling session before bed on heavy leg days.', '1a82407e-18fb-4443-9515-c72451d361c3/11a86349-b829-44ba-82e8-8fbb7b2287ec.jpg', '2024-10-05 22:00:00'),
('a1b2c3d4-e5f6-7890-abcd-ef1234567890', 36, TRUE, TRUE, TRUE, TRUE, TRUE, 4, 'Personal best on morning run. Fastest 5k yet.', 'Paced too fast early and had to slow down. Need better pacing.', 'Use a running app to pace the first kilometre more conservatively.', '1a82407e-18fb-4443-9515-c72451d361c3/11a86349-b829-44ba-82e8-8fbb7b2287ec.jpg', '2024-10-06 22:00:00'),
('a1b2c3d4-e5f6-7890-abcd-ef1234567890', 37, TRUE, TRUE, TRUE, TRUE, TRUE, 4, 'Reading a chapter that genuinely changed my perspective today.', 'Distracted mind during indoor workout. Only half present.', 'Leave phone outside the workout space.', '1a82407e-18fb-4443-9515-c72451d361c3/11a86349-b829-44ba-82e8-8fbb7b2287ec.jpg', '2024-10-07 22:00:00'),
('a1b2c3d4-e5f6-7890-abcd-ef1234567890', 38, TRUE, TRUE, TRUE, TRUE, TRUE, 3, 'Completed everything even on a low-energy day. That is the point.', 'Energy crash at 3pm. Almost napped through workout window.', 'Schedule workouts for morning when possible.', '1a82407e-18fb-4443-9515-c72451d361c3/11a86349-b829-44ba-82e8-8fbb7b2287ec.jpg', '2024-10-08 22:00:00'),
('a1b2c3d4-e5f6-7890-abcd-ef1234567890', 39, TRUE, TRUE, TRUE, TRUE, TRUE, 4, 'Nearly at 40 days. The compound effect is clearly visible now.', 'Cravings for junk food more intense this week.', 'Identify trigger: stress, boredom, or social cues.', '1a82407e-18fb-4443-9515-c72451d361c3/11a86349-b829-44ba-82e8-8fbb7b2287ec.jpg', '2024-10-09 22:00:00'),
('a1b2c3d4-e5f6-7890-abcd-ef1234567890', 40, TRUE, TRUE, TRUE, TRUE, TRUE, 5, 'Day 40. Over halfway. Body is completely different from day one.', 'Slight fear of what happens after day 75.', 'Start planning what habits to keep permanently.', '1a82407e-18fb-4443-9515-c72451d361c3/11a86349-b829-44ba-82e8-8fbb7b2287ec.jpg', '2024-10-10 22:00:00'),
('a1b2c3d4-e5f6-7890-abcd-ef1234567890', 41, TRUE, TRUE, TRUE, TRUE, TRUE, 4, 'New energy source unlocked. Mornings feel purposeful.', 'Slight plateau in visible progress. Frustrating.', 'Plateau is normal. Trust the process and stay consistent.', '1a82407e-18fb-4443-9515-c72451d361c3/11a86349-b829-44ba-82e8-8fbb7b2287ec.jpg', '2024-10-11 22:00:00'),
('a1b2c3d4-e5f6-7890-abcd-ef1234567890', 42, TRUE, TRUE, TRUE, TRUE, TRUE, 4, 'Six weeks complete. Mental toughness is the biggest gain so far.', 'Social pressure from family questioning the diet again.', 'Hold the boundary without over-explaining.', '1a82407e-18fb-4443-9515-c72451d361c3/11a86349-b829-44ba-82e8-8fbb7b2287ec.jpg', '2024-10-12 22:00:00'),
('a1b2c3d4-e5f6-7890-abcd-ef1234567890', 43, TRUE, TRUE, TRUE, TRUE, TRUE, 4, 'Increased weight on indoor workout. Getting stronger.', 'Nothing significant. A smooth day.', 'Keep momentum. Smooth days are a reward for hard ones.', '1a82407e-18fb-4443-9515-c72451d361c3/11a86349-b829-44ba-82e8-8fbb7b2287ec.jpg', '2024-10-13 22:00:00'),
('a1b2c3d4-e5f6-7890-abcd-ef1234567890', 44, TRUE, TRUE, TRUE, TRUE, TRUE, 3, 'Both workouts complete. Water and reading on track.', 'Work lunch provided only non-compliant options. Diet slipped.', 'Pack food for any day with an external lunch commitment.', '1a82407e-18fb-4443-9515-c72451d361c3/11a86349-b829-44ba-82e8-8fbb7b2287ec.jpg', '2024-10-14 22:00:00'),
('a1b2c3d4-e5f6-7890-abcd-ef1234567890', 45, TRUE, TRUE, TRUE, TRUE, TRUE, 4, 'Back fully on track. Three-quarters of the way to silver.', 'Recovering the mindset after a diet slip takes more energy than expected.', 'Process slip quickly and redirect - do not dwell.', '1a82407e-18fb-4443-9515-c72451d361c3/11a86349-b829-44ba-82e8-8fbb7b2287ec.jpg', '2024-10-15 22:00:00'),
('a1b2c3d4-e5f6-7890-abcd-ef1234567890', 46, TRUE, TRUE, TRUE, TRUE, TRUE, 5, 'Best outdoor run of the challenge. Felt completely in flow.', 'Nothing. This was a near-perfect day.', 'Remember this feeling on the hard days.', '1a82407e-18fb-4443-9515-c72451d361c3/11a86349-b829-44ba-82e8-8fbb7b2287ec.jpg', '2024-10-16 22:00:00'),
('a1b2c3d4-e5f6-7890-abcd-ef1234567890', 47, TRUE, TRUE, TRUE, TRUE, TRUE, 4, 'Sleep has been consistently excellent for two weeks.', 'Distracted during reading. Re-read the same page three times.', 'Try audiobook on low-focus days.', '1a82407e-18fb-4443-9515-c72451d361c3/11a86349-b829-44ba-82e8-8fbb7b2287ec.jpg', '2024-10-17 22:00:00'),
('a1b2c3d4-e5f6-7890-abcd-ef1234567890', 48, TRUE, TRUE, TRUE, TRUE, TRUE, 4, 'Visible abs appearing for the first time. Major motivator.', 'Almost no challenge today. Routine is fully locked in.', 'Push intensity up slightly. Comfort zone is not the growth zone.', '1a82407e-18fb-4443-9515-c72451d361c3/11a86349-b829-44ba-82e8-8fbb7b2287ec.jpg', '2024-10-18 22:00:00'),
('a1b2c3d4-e5f6-7890-abcd-ef1234567890', 49, TRUE, TRUE, TRUE, TRUE, TRUE, 4, 'One day from silver. Reflecting on the journey so far.', 'Slight anxiety about the final 25 days being harder.', 'Approach day 50 to 75 one day at a time.', '1a82407e-18fb-4443-9515-c72451d361c3/11a86349-b829-44ba-82e8-8fbb7b2287ec.jpg', '2024-10-19 22:00:00'),
('a1b2c3d4-e5f6-7890-abcd-ef1234567890', 50, TRUE, TRUE, TRUE, TRUE, TRUE, 5, 'SILVER MILESTONE. 50 days. I am not the same person who started this.', 'Emotional moment - almost cried. Had to stay composed.', 'Let the emotion be fuel for the final 25.', '1a82407e-18fb-4443-9515-c72451d361c3/11a86349-b829-44ba-82e8-8fbb7b2287ec.jpg', '2024-10-20 22:00:00'),
('a1b2c3d4-e5f6-7890-abcd-ef1234567890', 51, TRUE, TRUE, TRUE, TRUE, TRUE, 4, 'Post-silver energy is real. Started the final third with fire.', 'Mindset shift required - this is no longer about surviving, it is about finishing strong.', 'Define what a strong finish looks like specifically.', '1a82407e-18fb-4443-9515-c72451d361c3/11a86349-b829-44ba-82e8-8fbb7b2287ec.jpg', '2024-10-21 22:00:00'),
('a1b2c3d4-e5f6-7890-abcd-ef1234567890', 52, TRUE, TRUE, TRUE, TRUE, TRUE, 4, 'Increased reading target voluntarily. Appetite for learning is higher.', 'Harder to surprise myself with progress now. Gains are smaller but real.', 'Measure against day one, not against yesterday.', '1a82407e-18fb-4443-9515-c72451d361c3/11a86349-b829-44ba-82e8-8fbb7b2287ec.jpg', '2024-10-22 22:00:00'),
('a1b2c3d4-e5f6-7890-abcd-ef1234567890', 53, TRUE, TRUE, TRUE, TRUE, TRUE, 3, 'Completed all tasks on a genuinely difficult emotional day.', 'Personal situation outside the challenge caused low mood all day.', 'Separate external circumstances from the challenge identity.', '1a82407e-18fb-4443-9515-c72451d361c3/11a86349-b829-44ba-82e8-8fbb7b2287ec.jpg', '2024-10-23 22:00:00'),
('a1b2c3d4-e5f6-7890-abcd-ef1234567890', 54, TRUE, TRUE, TRUE, TRUE, TRUE, 4, 'Bounce-back after emotional day. Resilience is building.', 'Fatigue from emotional strain carried into workouts.', 'On hard days, intensity is optional but showing up is not.', '1a82407e-18fb-4443-9515-c72451d361c3/11a86349-b829-44ba-82e8-8fbb7b2287ec.jpg', '2024-10-24 22:00:00'),
('a1b2c3d4-e5f6-7890-abcd-ef1234567890', 55, TRUE, TRUE, TRUE, TRUE, TRUE, 5, 'Day 55. Can see the end. Energy and belief are at a peak.', 'Urge to coast since the end is near. Caught and corrected it.', 'Do not slow down approaching the finish. Finish faster.', '1a82407e-18fb-4443-9515-c72451d361c3/11a86349-b829-44ba-82e8-8fbb7b2287ec.jpg', '2024-10-25 22:00:00'),
('a1b2c3d4-e5f6-7890-abcd-ef1234567890', 56, TRUE, TRUE, TRUE, TRUE, TRUE, 4, 'Eight weeks complete. Discipline is now an identity, not a task.', 'Slight boredom with the same indoor workout structure.', 'Add two new exercises to indoor session for variety.', '1a82407e-18fb-4443-9515-c72451d361c3/11a86349-b829-44ba-82e8-8fbb7b2287ec.jpg', '2024-10-26 22:00:00'),
('a1b2c3d4-e5f6-7890-abcd-ef1234567890', 57, TRUE, TRUE, TRUE, TRUE, TRUE, 4, 'New indoor exercises added. Workout felt fresh and challenging again.', 'Muscles sore from new movements.', 'Expected DOMS - push through with lower intensity if needed.', '1a82407e-18fb-4443-9515-c72451d361c3/11a86349-b829-44ba-82e8-8fbb7b2287ec.jpg', '2024-10-27 22:00:00'),
('a1b2c3d4-e5f6-7890-abcd-ef1234567890', 58, TRUE, TRUE, TRUE, TRUE, TRUE, 4, 'Diet compliance at an all-time high. No longer a struggle.', 'Nothing meaningful. Day went smoothly.', 'Appreciate the smooth days - they are earned.', '1a82407e-18fb-4443-9515-c72451d361c3/11a86349-b829-44ba-82e8-8fbb7b2287ec.jpg', '2024-10-28 22:00:00'),
('a1b2c3d4-e5f6-7890-abcd-ef1234567890', 59, TRUE, TRUE, TRUE, TRUE, TRUE, 4, 'Almost at 60. Countdown mode activated.', 'Slight impatience to finish. Had to stay present.', 'Finishing is in the daily work. Stay in the day.', '1a82407e-18fb-4443-9515-c72451d361c3/11a86349-b829-44ba-82e8-8fbb7b2287ec.jpg', '2024-10-29 22:00:00'),
('a1b2c3d4-e5f6-7890-abcd-ef1234567890', 60, TRUE, TRUE, TRUE, TRUE, TRUE, 5, 'Day 60. Eighty percent done. This is the most consistent I have ever been.', 'Hard to imagine going back to old habits. Fear of regression.', 'Plan post-75 maintenance routine now so there is no cliff edge.', '1a82407e-18fb-4443-9515-c72451d361c3/11a86349-b829-44ba-82e8-8fbb7b2287ec.jpg', '2024-10-30 22:00:00'),
('a1b2c3d4-e5f6-7890-abcd-ef1234567890', 61, TRUE, TRUE, TRUE, TRUE, TRUE, 4, 'Final stretch begun. Treating every remaining day as a gift.', 'Weather turned cold - outdoor workout uncomfortable.', 'Invest in cold-weather running gear.', '1a82407e-18fb-4443-9515-c72451d361c3/11a86349-b829-44ba-82e8-8fbb7b2287ec.jpg', '2024-10-31 22:00:00'),
('a1b2c3d4-e5f6-7890-abcd-ef1234567890', 62, TRUE, TRUE, TRUE, TRUE, TRUE, 4, 'Cold weather running is getting easier. Body adapts fast.', 'Slight loneliness - wish I had someone doing this alongside me.', 'Consider joining a 75 Hard community online for the final stretch.', '1a82407e-18fb-4443-9515-c72451d361c3/11a86349-b829-44ba-82e8-8fbb7b2287ec.jpg', '2024-11-01 22:00:00'),
('a1b2c3d4-e5f6-7890-abcd-ef1234567890', 63, TRUE, TRUE, TRUE, TRUE, TRUE, 4, 'Finished the book I was reading. Sense of accomplishment.', 'Choosing the next book took longer than expected.', 'Keep a reading list so the next book is always ready.', '1a82407e-18fb-4443-9515-c72451d361c3/11a86349-b829-44ba-82e8-8fbb7b2287ec.jpg', '2024-11-02 22:00:00'),
('a1b2c3d4-e5f6-7890-abcd-ef1234567890', 64, TRUE, TRUE, TRUE, TRUE, TRUE, 4, 'Started new book. Back in reading flow immediately.', 'Slight overconfidence - cut workout short initially then corrected.', 'Full effort every day. No partial reps this close to the end.', '1a82407e-18fb-4443-9515-c72451d361c3/11a86349-b829-44ba-82e8-8fbb7b2287ec.jpg', '2024-11-03 22:00:00'),
('a1b2c3d4-e5f6-7890-abcd-ef1234567890', 65, TRUE, TRUE, TRUE, TRUE, TRUE, 5, 'Ten days left. Every single task feels meaningful now.', 'Nothing. Pure focus.', 'Carry this clarity into the final ten days.', '1a82407e-18fb-4443-9515-c72451d361c3/11a86349-b829-44ba-82e8-8fbb7b2287ec.jpg', '2024-11-04 22:00:00'),
('a1b2c3d4-e5f6-7890-abcd-ef1234567890', 66, TRUE, TRUE, TRUE, TRUE, TRUE, 5, 'Single digits remaining. Emotional and motivated simultaneously.', 'Overthinking the finish line instead of running the current mile.', 'One day at a time. Day 66 is all that matters today.', '1a82407e-18fb-4443-9515-c72451d361c3/11a86349-b829-44ba-82e8-8fbb7b2287ec.jpg', '2024-11-05 22:00:00'),
('a1b2c3d4-e5f6-7890-abcd-ef1234567890', 67, TRUE, TRUE, TRUE, TRUE, TRUE, 4, 'Ran fastest mile of the entire challenge today.', 'Knees slightly sore after the fast run.', 'Ice knees post-run and stretch thoroughly.', '1a82407e-18fb-4443-9515-c72451d361c3/11a86349-b829-44ba-82e8-8fbb7b2287ec.jpg', '2024-11-06 22:00:00'),
('a1b2c3d4-e5f6-7890-abcd-ef1234567890', 68, TRUE, TRUE, TRUE, TRUE, TRUE, 4, 'One week left. Feeling calm and ready.', 'Urge to already celebrate before finishing. Staying grounded.', 'Celebrate on day 75. Not a day before.', '1a82407e-18fb-4443-9515-c72451d361c3/11a86349-b829-44ba-82e8-8fbb7b2287ec.jpg', '2024-11-07 22:00:00'),
('a1b2c3d4-e5f6-7890-abcd-ef1234567890', 69, TRUE, TRUE, TRUE, TRUE, TRUE, 4, 'All systems running clean. Diet, workouts, water, reading - all locked in.', 'Nothing. The machine is running well.', 'Trust the machine for the final six days.', '1a82407e-18fb-4443-9515-c72451d361c3/11a86349-b829-44ba-82e8-8fbb7b2287ec.jpg', '2024-11-08 22:00:00'),
('a1b2c3d4-e5f6-7890-abcd-ef1234567890', 70, TRUE, TRUE, TRUE, TRUE, TRUE, 5, 'Day 70. Five left. Gratitude for what this challenge has built.', 'Emotional weight of the end approaching. Hard to articulate.', 'Write down what this challenge has meant before day 75.', '1a82407e-18fb-4443-9515-c72451d361c3/11a86349-b829-44ba-82e8-8fbb7b2287ec.jpg', '2024-11-09 22:00:00'),
('a1b2c3d4-e5f6-7890-abcd-ef1234567890', 71, TRUE, TRUE, TRUE, TRUE, TRUE, 5, 'Wrote reflection notes on the challenge. Clarity on every front.', 'Nothing today. Pure execution.', 'Stay present for the final four days.', '1a82407e-18fb-4443-9515-c72451d361c3/11a86349-b829-44ba-82e8-8fbb7b2287ec.jpg', '2024-11-10 22:00:00'),
('a1b2c3d4-e5f6-7890-abcd-ef1234567890', 72, TRUE, TRUE, TRUE, TRUE, TRUE, 5, 'Three days left. The hardest part is not tripping at the finish line.', 'Managed focus well. No stumbles.', 'Identical execution to every other day.', '1a82407e-18fb-4443-9515-c72451d361c3/11a86349-b829-44ba-82e8-8fbb7b2287ec.jpg', '2024-11-11 22:00:00'),
('a1b2c3d4-e5f6-7890-abcd-ef1234567890', 73, TRUE, TRUE, TRUE, TRUE, TRUE, 5, 'Two days left. Surreal. Everything feels heightened.', 'Sleep was lighter than usual due to anticipation.', 'Early bedtime tonight. Finish strong.', '1a82407e-18fb-4443-9515-c72451d361c3/11a86349-b829-44ba-82e8-8fbb7b2287ec.jpg', '2024-11-12 22:00:00'),
('a1b2c3d4-e5f6-7890-abcd-ef1234567890', 74, TRUE, TRUE, TRUE, TRUE, TRUE, 5, 'Final day tomorrow. Ready. Every sacrifice was worth it.', 'Nothing. Absolute focus.', 'Tomorrow: same as every other day. Then celebrate.', '1a82407e-18fb-4443-9515-c72451d361c3/11a86349-b829-44ba-82e8-8fbb7b2287ec.jpg', '2024-11-13 22:00:00'),
('a1b2c3d4-e5f6-7890-abcd-ef1234567890', 75, TRUE, TRUE, TRUE, TRUE, TRUE, 5, 'GOLD. DAY 75. DONE. 75 Hard complete. I proved to myself I can do anything.', 'Holding back tears during the final run. Could not hold them back after.', 'Build the next chapter with the same discipline that built this one.', '1a82407e-18fb-4443-9515-c72451d361c3/11a86349-b829-44ba-82e8-8fbb7b2287ec.jpg', '2024-11-14 22:00:00');

-- ============================================================
-- DAYS: Maya Patel — 5 days
-- ============================================================
INSERT INTO days(user_id, day_number, diet_adhered, outdoor_workout_completed, indoor_workout_completed, water_consumed, pages_read, mood_rating, achievements, challenges, next_day_focus, progress_pic_key, created_at)
VALUES
  ('b2c3d4e5-f6a7-8901-bcde-f12345678901', 1, TRUE, TRUE, TRUE, TRUE, TRUE, 4, 'Made it through day one. Meal prep paid off. Both workouts done back to back.', 'Indoor workout felt awkward — not sure of my form on some movements.', 'Watch two tutorial videos on form before tomorrows session.', '1a82407e-18fb-4443-9515-c72451d361c3/11a86349-b829-44ba-82e8-8fbb7b2287ec.jpg', '2024-10-01 21:30:00'),
('b2c3d4e5-f6a7-8901-bcde-f12345678901', 2, TRUE, TRUE, TRUE, TRUE, TRUE, 3, 'Outdoor walk was genuinely peaceful. Diet fully clean.', 'Tired from work. Had to drag myself to the second workout.', 'Lay out workout clothes the night before to reduce friction.', '1a82407e-18fb-4443-9515-c72451d361c3/11a86349-b829-44ba-82e8-8fbb7b2287ec.jpg', '2024-10-02 21:30:00'),
('b2c3d4e5-f6a7-8901-bcde-f12345678901', 3, TRUE, FALSE, TRUE, TRUE, TRUE, 3, 'Indoor session was strong. Finished reading earlier than expected.', 'Skipped outdoor workout — heavy rain and no backup plan in place yet.', 'Find a covered outdoor route or sheltered space for rainy days.', '1a82407e-18fb-4443-9515-c72451d361c3/11a86349-b829-44ba-82e8-8fbb7b2287ec.jpg', '2024-10-03 21:30:00'),
('b2c3d4e5-f6a7-8901-bcde-f12345678901', 4, TRUE, TRUE, TRUE, TRUE, TRUE, 5, 'Best day yet. Energy was high from morning. Ran further than planned.', 'Cravings hit after dinner. Made a compliant snack instead of giving in.', 'Prep compliant snacks in advance so the choice is always easy.', '1a82407e-18fb-4443-9515-c72451d361c3/11a86349-b829-44ba-82e8-8fbb7b2287ec.jpg', '2024-10-04 21:30:00'),
('b2c3d4e5-f6a7-8901-bcde-f12345678901', 5, TRUE, TRUE, TRUE, TRUE, TRUE, 4, 'Five days done. Habit is starting to form. Morning routine feels natural.', 'Social plans almost derailed dinner diet. Stayed on track.', 'Plan what to eat before any social event going forward.', '1a82407e-18fb-4443-9515-c72451d361c3/11a86349-b829-44ba-82e8-8fbb7b2287ec.jpg', '2024-10-05 21:30:00');

-- ============================================================
-- DAYS: Jordan Ellis — 25 days (bronze)
-- ============================================================
INSERT INTO days(user_id, day_number, diet_adhered, outdoor_workout_completed, indoor_workout_completed, water_consumed, pages_read, mood_rating, achievements, challenges, next_day_focus, progress_pic_key, created_at)
VALUES
  ('c3d4e5f6-a7b8-9012-cdef-123456789012', 1, TRUE, TRUE, TRUE, TRUE, TRUE, 4, 'Day one in the books. Woke up early and got the outdoor run done first.', 'Forgot to track water until the afternoon. Had to catch up fast.', 'Set hourly water reminders on phone.', '1a82407e-18fb-4443-9515-c72451d361c3/11a86349-b829-44ba-82e8-8fbb7b2287ec.jpg', '2024-09-05 21:00:00'),
('c3d4e5f6-a7b8-9012-cdef-123456789012', 2, TRUE, TRUE, TRUE, TRUE, TRUE, 4, 'Water reminders working well. Hit goal by 5pm.', 'Reading felt slow. Hard to focus after a long day.', 'Read in the morning before work instead.', '1a82407e-18fb-4443-9515-c72451d361c3/11a86349-b829-44ba-82e8-8fbb7b2287ec.jpg', '2024-09-06 21:00:00'),
('c3d4e5f6-a7b8-9012-cdef-123456789012', 3, TRUE, TRUE, TRUE, TRUE, TRUE, 5, 'Morning reading was a game changer. Most productive day so far.', 'Almost nothing. Routine clicked into place.', 'Keep morning reading and build on this structure.', '1a82407e-18fb-4443-9515-c72451d361c3/11a86349-b829-44ba-82e8-8fbb7b2287ec.jpg', '2024-09-07 21:00:00'),
('c3d4e5f6-a7b8-9012-cdef-123456789012', 4, FALSE, TRUE, TRUE, TRUE, TRUE, 3, 'Both workouts done despite a rough diet day. Streak of effort intact.', 'Work lunch had no compliant options. Diet slipped.', 'Pack lunch every day. No exceptions.', '1a82407e-18fb-4443-9515-c72451d361c3/11a86349-b829-44ba-82e8-8fbb7b2287ec.jpg', '2024-09-08 21:00:00'),
('c3d4e5f6-a7b8-9012-cdef-123456789012', 5, TRUE, TRUE, TRUE, TRUE, TRUE, 4, 'Packed lunch. Diet fully back on track.', 'Slight guilt from yesterday. Had to let it go and move forward.', 'One slip does not define the journey. Reset and go.', '1a82407e-18fb-4443-9515-c72451d361c3/11a86349-b829-44ba-82e8-8fbb7b2287ec.jpg', '2024-09-09 21:00:00'),
('c3d4e5f6-a7b8-9012-cdef-123456789012', 6, TRUE, TRUE, TRUE, TRUE, TRUE, 4, 'First week almost done. Feeling proud of the consistency.', 'Soreness in legs from running every day. Considered stopping.', 'Slow the outdoor pace — completion matters more than speed right now.', '1a82407e-18fb-4443-9515-c72451d361c3/11a86349-b829-44ba-82e8-8fbb7b2287ec.jpg', '2024-09-10 21:00:00'),
('c3d4e5f6-a7b8-9012-cdef-123456789012', 7, TRUE, TRUE, TRUE, TRUE, TRUE, 5, 'One full week complete. Soreness faded. Body adapting fast.', 'Nothing significant. A clean and smooth day.', 'Carry this energy into week two.', '1a82407e-18fb-4443-9515-c72451d361c3/11a86349-b829-44ba-82e8-8fbb7b2287ec.jpg', '2024-09-11 21:00:00'),
('c3d4e5f6-a7b8-9012-cdef-123456789012', 8, TRUE, TRUE, TRUE, TRUE, TRUE, 4, 'Noticed clothes fitting slightly looser. Real motivation boost.', 'Hunger spiked mid-afternoon. Hard to concentrate at work.', 'Add a compliant mid-afternoon snack to the routine.', '1a82407e-18fb-4443-9515-c72451d361c3/11a86349-b829-44ba-82e8-8fbb7b2287ec.jpg', '2024-09-12 21:00:00'),
('c3d4e5f6-a7b8-9012-cdef-123456789012', 9, TRUE, TRUE, TRUE, TRUE, TRUE, 4, 'Snack addition worked. Energy stable all day.', 'Almost talked myself out of the indoor workout at 9pm. Pushed through.', 'Move indoor workout earlier in the evening going forward.', '1a82407e-18fb-4443-9515-c72451d361c3/11a86349-b829-44ba-82e8-8fbb7b2287ec.jpg', '2024-09-13 21:00:00'),
('c3d4e5f6-a7b8-9012-cdef-123456789012', 10, TRUE, TRUE, TRUE, TRUE, TRUE, 5, 'Day 10 milestone. Double digits. Feeling genuinely different.', 'Emotional energy — almost cried on the run. Let it happen.', 'Embrace the emotional side of this. It is part of the process.', '1a82407e-18fb-4443-9515-c72451d361c3/11a86349-b829-44ba-82e8-8fbb7b2287ec.jpg', '2024-09-14 21:00:00'),
('c3d4e5f6-a7b8-9012-cdef-123456789012', 11, TRUE, TRUE, TRUE, TRUE, TRUE, 4, 'Sleep quality has visibly improved over the past week.', 'Cravings for sugar after dinner. Went for fruit instead.', 'Stock up on compliant sweet alternatives.', '1a82407e-18fb-4443-9515-c72451d361c3/11a86349-b829-44ba-82e8-8fbb7b2287ec.jpg', '2024-09-15 21:00:00'),
('c3d4e5f6-a7b8-9012-cdef-123456789012', 12, TRUE, TRUE, FALSE, TRUE, TRUE, 3, 'Outdoor workout was the best one yet. Diet perfect.', 'Work emergency meant indoor workout was missed entirely.', 'Block workout time as a non-negotiable calendar event.', '1a82407e-18fb-4443-9515-c72451d361c3/11a86349-b829-44ba-82e8-8fbb7b2287ec.jpg', '2024-09-16 21:00:00'),
('c3d4e5f6-a7b8-9012-cdef-123456789012', 13, TRUE, TRUE, TRUE, TRUE, TRUE, 4, 'Recovered from yesterday. Full day back on track.', 'Fatigue from the previous late night still lingering.', 'Protect sleep window — no screens after 10pm.', '1a82407e-18fb-4443-9515-c72451d361c3/11a86349-b829-44ba-82e8-8fbb7b2287ec.jpg', '2024-09-17 21:00:00'),
('c3d4e5f6-a7b8-9012-cdef-123456789012', 14, TRUE, TRUE, TRUE, TRUE, TRUE, 5, 'Two full weeks complete. Real physical changes visible in the mirror.', 'Almost nothing. This was one of the best days of the challenge.', 'Use this feeling as fuel when hard days come.', '1a82407e-18fb-4443-9515-c72451d361c3/11a86349-b829-44ba-82e8-8fbb7b2287ec.jpg', '2024-09-18 21:00:00'),
('c3d4e5f6-a7b8-9012-cdef-123456789012', 15, TRUE, TRUE, TRUE, TRUE, TRUE, 4, 'Halfway to bronze. Discipline is starting to feel like identity.', 'Boredom with the same meals. Need more variety.', 'Research five new compliant recipes this week.', '1a82407e-18fb-4443-9515-c72451d361c3/11a86349-b829-44ba-82e8-8fbb7b2287ec.jpg', '2024-09-19 21:00:00'),
('c3d4e5f6-a7b8-9012-cdef-123456789012', 16, TRUE, TRUE, TRUE, TRUE, TRUE, 4, 'Tried two new recipes. Meals feel exciting again.', 'One recipe did not turn out well. Had to improvise dinner.', 'Always have a backup simple compliant meal ready.', '1a82407e-18fb-4443-9515-c72451d361c3/11a86349-b829-44ba-82e8-8fbb7b2287ec.jpg', '2024-09-20 21:00:00'),
('c3d4e5f6-a7b8-9012-cdef-123456789012', 17, TRUE, FALSE, TRUE, TRUE, TRUE, 3, 'Indoor workout was particularly strong today. New personal best on squats.', 'Outdoor workout skipped due to severe weather. No covered alternative found.', 'Scout a sheltered outdoor space for weather days.', '1a82407e-18fb-4443-9515-c72451d361c3/11a86349-b829-44ba-82e8-8fbb7b2287ec.jpg', '2024-09-21 21:00:00'),
('c3d4e5f6-a7b8-9012-cdef-123456789012', 18, TRUE, TRUE, TRUE, TRUE, TRUE, 4, 'Found a covered walkway nearby. Weather backup plan now exists.', 'Mild headache mid-day. Slowed things down but completed everything.', 'Headache was likely dehydration — front-load water intake in the morning.', '1a82407e-18fb-4443-9515-c72451d361c3/11a86349-b829-44ba-82e8-8fbb7b2287ec.jpg', '2024-09-22 21:00:00'),
('c3d4e5f6-a7b8-9012-cdef-123456789012', 19, TRUE, TRUE, TRUE, TRUE, TRUE, 4, 'Water front-loading worked. Headache gone. Full energy day.', 'Starting to feel the mental weight of keeping all five tasks up daily.', 'The mental weight is the point. Trust the process.', '1a82407e-18fb-4443-9515-c72451d361c3/11a86349-b829-44ba-82e8-8fbb7b2287ec.jpg', '2024-09-23 21:00:00'),
('c3d4e5f6-a7b8-9012-cdef-123456789012', 20, TRUE, TRUE, TRUE, TRUE, TRUE, 5, 'Day 20. Four-fifths of the way to bronze. Feeling unstoppable.', 'Nothing today. Pure flow state.', 'Replicate todays conditions as closely as possible.', '1a82407e-18fb-4443-9515-c72451d361c3/11a86349-b829-44ba-82e8-8fbb7b2287ec.jpg', '2024-09-24 21:00:00'),
('c3d4e5f6-a7b8-9012-cdef-123456789012', 21, TRUE, TRUE, TRUE, TRUE, TRUE, 4, 'Three weeks complete. Routine is fully automatic now. Zero deliberation needed.', 'Slight loneliness — wished I had someone doing this with me.', 'Find an online accountability partner or community.', '1a82407e-18fb-4443-9515-c72451d361c3/11a86349-b829-44ba-82e8-8fbb7b2287ec.jpg', '2024-09-25 21:00:00'),
('c3d4e5f6-a7b8-9012-cdef-123456789012', 22, TRUE, TRUE, TRUE, TRUE, TRUE, 4, 'Found a 75 Hard group online. Shared progress. Felt less alone.', 'Comparing progress to others in the group caused a brief dip in confidence.', 'My journey is mine. Stop comparing timelines.', '1a82407e-18fb-4443-9515-c72451d361c3/11a86349-b829-44ba-82e8-8fbb7b2287ec.jpg', '2024-09-26 21:00:00'),
('c3d4e5f6-a7b8-9012-cdef-123456789012', 23, TRUE, TRUE, TRUE, TRUE, TRUE, 4, 'Personal best on outdoor run distance. Pushed past the usual turning point.', 'Legs sore after the longer run. Stairs were difficult.', 'Add five minutes of post-run stretching.', '1a82407e-18fb-4443-9515-c72451d361c3/11a86349-b829-44ba-82e8-8fbb7b2287ec.jpg', '2024-09-27 21:00:00'),
('c3d4e5f6-a7b8-9012-cdef-123456789012', 24, TRUE, TRUE, TRUE, TRUE, TRUE, 4, 'Stretching added. Legs recovered faster than expected.', 'Anticipation about hitting day 25 made it hard to stay present.', 'Day 24 matters as much as day 25. Stay in today.', '1a82407e-18fb-4443-9515-c72451d361c3/11a86349-b829-44ba-82e8-8fbb7b2287ec.jpg', '2024-09-28 21:00:00'),
('c3d4e5f6-a7b8-9012-cdef-123456789012', 25, TRUE, TRUE, TRUE, TRUE, TRUE, 5, 'BRONZE MILESTONE. 25 days complete. I am a different person than I was on day one.', 'Wanted to celebrate with food. Chose a long bath and a new book instead.', 'Channel this pride into the next 25 days. The real work starts now.', '1a82407e-18fb-4443-9515-c72451d361c3/11a86349-b829-44ba-82e8-8fbb7b2287ec.jpg', '2024-09-29 21:00:00');

-- ============================================================
-- DAYS: Marcus Webb — 50 days (bronze + silver)
-- ============================================================
INSERT INTO days(user_id, day_number, diet_adhered, outdoor_workout_completed, indoor_workout_completed, water_consumed, pages_read, mood_rating, achievements, challenges, next_day_focus, progress_pic_key, created_at)
VALUES
  ('d4e5f6a7-b8c9-0123-defa-234567890123', 1, TRUE, TRUE, TRUE, TRUE, TRUE, 4, 'Solid start. Meal prepped on Sunday so day one diet was effortless.', 'Woke up late — had to compress workout timing.', 'Set two alarms and protect the morning window.', '1a82407e-18fb-4443-9515-c72451d361c3/11a86349-b829-44ba-82e8-8fbb7b2287ec.jpg', '2024-08-20 21:00:00'),
('d4e5f6a7-b8c9-0123-defa-234567890123', 2, TRUE, TRUE, TRUE, TRUE, TRUE, 3, 'Both workouts done. Water intake tracked properly for the first time.', 'Energy was low all day. Workouts felt like moving through concrete.', 'Prioritise sleep. Low energy often means poor recovery.', '1a82407e-18fb-4443-9515-c72451d361c3/11a86349-b829-44ba-82e8-8fbb7b2287ec.jpg', '2024-08-21 21:00:00'),
('d4e5f6a7-b8c9-0123-defa-234567890123', 3, TRUE, TRUE, TRUE, TRUE, TRUE, 4, 'Sleep improved. Energy bounced back. Outdoor run was strong.', 'Reading before bed made it harder to wind down.', 'Move reading to the afternoon. Reserve evening for wind-down.', '1a82407e-18fb-4443-9515-c72451d361c3/11a86349-b829-44ba-82e8-8fbb7b2287ec.jpg', '2024-08-22 21:00:00'),
('d4e5f6a7-b8c9-0123-defa-234567890123', 4, TRUE, TRUE, TRUE, TRUE, TRUE, 5, 'Four days straight. Afternoon reading slot is working perfectly.', 'Nothing today. Everything clicked.', 'Stay consistent. Do not change what is working.', '1a82407e-18fb-4443-9515-c72451d361c3/11a86349-b829-44ba-82e8-8fbb7b2287ec.jpg', '2024-08-23 21:00:00'),
('d4e5f6a7-b8c9-0123-defa-234567890123', 5, TRUE, TRUE, TRUE, TRUE, TRUE, 4, 'Five days clean. Week one almost done. Diet has been completely on track.', 'Peer pressure to skip gym and go out. Said no for the first time confidently.', 'Hold that same confidence all week.', '1a82407e-18fb-4443-9515-c72451d361c3/11a86349-b829-44ba-82e8-8fbb7b2287ec.jpg', '2024-08-24 21:00:00'),
('d4e5f6a7-b8c9-0123-defa-234567890123', 6, TRUE, TRUE, TRUE, TRUE, TRUE, 4, 'Declined social plans without guilt. That is growth.', 'Minor tension in right shoulder during indoor workout.', 'Reduce weight on pressing movements until shoulder feels right.', '1a82407e-18fb-4443-9515-c72451d361c3/11a86349-b829-44ba-82e8-8fbb7b2287ec.jpg', '2024-08-25 21:00:00'),
('d4e5f6a7-b8c9-0123-defa-234567890123', 7, TRUE, TRUE, TRUE, TRUE, TRUE, 5, 'One week done. Shoulder felt fine at reduced weight. Smart call.', 'Nothing significant. A strong clean week.', 'Week two — raise the bar slightly on workout intensity.', '1a82407e-18fb-4443-9515-c72451d361c3/11a86349-b829-44ba-82e8-8fbb7b2287ec.jpg', '2024-08-26 21:00:00'),
('d4e5f6a7-b8c9-0123-defa-234567890123', 8, TRUE, TRUE, TRUE, TRUE, TRUE, 4, 'Increased workout intensity as planned. Felt harder and better.', 'DOMS from the intensity bump made the morning rough.', 'Expected soreness. Work through it gradually.', '1a82407e-18fb-4443-9515-c72451d361c3/11a86349-b829-44ba-82e8-8fbb7b2287ec.jpg', '2024-08-27 21:00:00'),
('d4e5f6a7-b8c9-0123-defa-234567890123', 9, TRUE, TRUE, TRUE, TRUE, TRUE, 4, 'DOMS fading. Body adapting faster than expected.', 'Restless night — woke up twice. Morning was sluggish.', 'No caffeine after 2pm to protect sleep quality.', '1a82407e-18fb-4443-9515-c72451d361c3/11a86349-b829-44ba-82e8-8fbb7b2287ec.jpg', '2024-08-28 21:00:00'),
('d4e5f6a7-b8c9-0123-defa-234567890123', 10, TRUE, TRUE, TRUE, TRUE, TRUE, 5, 'Day 10. Double digits. Sleep improved after cutting caffeine. Big milestone energy.', 'Nothing. Best sleep in weeks last night.', 'Protect the caffeine curfew religiously.', '1a82407e-18fb-4443-9515-c72451d361c3/11a86349-b829-44ba-82e8-8fbb7b2287ec.jpg', '2024-08-29 21:00:00'),
('d4e5f6a7-b8c9-0123-defa-234567890123', 11, TRUE, TRUE, TRUE, TRUE, TRUE, 4, 'Ran a personal best distance on the outdoor workout.', 'Ran too fast at the start and had to slow down significantly.', 'Start every run slower. Negative splits are the goal.', '1a82407e-18fb-4443-9515-c72451d361c3/11a86349-b829-44ba-82e8-8fbb7b2287ec.jpg', '2024-08-30 21:00:00'),
('d4e5f6a7-b8c9-0123-defa-234567890123', 12, TRUE, TRUE, TRUE, TRUE, TRUE, 4, 'Paced the run properly. Finished feeling strong rather than wrecked.', 'Diet got boring. Same four meals on rotation.', 'Try a new compliant recipe mid-week.', '1a82407e-18fb-4443-9515-c72451d361c3/11a86349-b829-44ba-82e8-8fbb7b2287ec.jpg', '2024-08-31 21:00:00'),
('d4e5f6a7-b8c9-0123-defa-234567890123', 13, TRUE, TRUE, TRUE, TRUE, TRUE, 4, 'New recipe was genuinely good. Diet variety restored.', 'Almost skipped reading — told myself just one page and ended up reading three chapters.', 'Use the one-page trick whenever motivation to read dips.', '1a82407e-18fb-4443-9515-c72451d361c3/11a86349-b829-44ba-82e8-8fbb7b2287ec.jpg', '2024-09-01 21:00:00'),
('d4e5f6a7-b8c9-0123-defa-234567890123', 14, TRUE, TRUE, TRUE, TRUE, TRUE, 5, 'Two weeks complete. Face looks visibly different. Jaw more defined.', 'Nothing today. Total flow.', 'Two weeks down. Keep the machine running.', '1a82407e-18fb-4443-9515-c72451d361c3/11a86349-b829-44ba-82e8-8fbb7b2287ec.jpg', '2024-09-02 21:00:00'),
('d4e5f6a7-b8c9-0123-defa-234567890123', 15, TRUE, TRUE, TRUE, TRUE, TRUE, 4, 'Halfway to bronze. Routine feels as natural as brushing teeth.', 'Mid-challenge boredom crept in. The novelty has worn off.', 'Boredom is the real test. Boring days build champions.', '1a82407e-18fb-4443-9515-c72451d361c3/11a86349-b829-44ba-82e8-8fbb7b2287ec.jpg', '2024-09-03 21:00:00'),
('d4e5f6a7-b8c9-0123-defa-234567890123', 16, TRUE, TRUE, TRUE, TRUE, TRUE, 3, 'Pushed through the boredom. Showing up without motivation is the skill.', 'Mood was flat all day. No clear reason.', 'Flat days happen. The checklist does not care about mood.', '1a82407e-18fb-4443-9515-c72451d361c3/11a86349-b829-44ba-82e8-8fbb7b2287ec.jpg', '2024-09-04 21:00:00'),
('d4e5f6a7-b8c9-0123-defa-234567890123', 17, TRUE, TRUE, TRUE, TRUE, TRUE, 4, 'Mood lifted by end of day after completing all tasks. The work is the medicine.', 'Slight headache from sun exposure on outdoor run.', 'Wear a cap and apply sunscreen before outdoor workouts.', '1a82407e-18fb-4443-9515-c72451d361c3/11a86349-b829-44ba-82e8-8fbb7b2287ec.jpg', '2024-09-05 21:00:00'),
('d4e5f6a7-b8c9-0123-defa-234567890123', 18, TRUE, FALSE, TRUE, TRUE, TRUE, 3, 'Strong indoor workout. Diet perfectly on track.', 'Outdoor workout skipped — family obligation ran all day.', 'Communicate the program to family so they can respect the time blocks.', '1a82407e-18fb-4443-9515-c72451d361c3/11a86349-b829-44ba-82e8-8fbb7b2287ec.jpg', '2024-09-06 21:00:00'),
('d4e5f6a7-b8c9-0123-defa-234567890123', 19, TRUE, TRUE, TRUE, TRUE, TRUE, 4, 'Family understands the schedule now. Outdoor workout back on track.', 'Residual guilt about yesterday. Had to consciously let it go.', 'Guilt is not useful. Action is. Move forward only.', '1a82407e-18fb-4443-9515-c72451d361c3/11a86349-b829-44ba-82e8-8fbb7b2287ec.jpg', '2024-09-07 21:00:00'),
('d4e5f6a7-b8c9-0123-defa-234567890123', 20, TRUE, TRUE, TRUE, TRUE, TRUE, 5, 'Day 20. Body composition change is very visible now. Strength up across the board.', 'Nothing. One of the cleanest and strongest days of the challenge.', 'Twenty days is proof. The next five take me to bronze.', '1a82407e-18fb-4443-9515-c72451d361c3/11a86349-b829-44ba-82e8-8fbb7b2287ec.jpg', '2024-09-08 21:00:00'),
('d4e5f6a7-b8c9-0123-defa-234567890123', 21, TRUE, TRUE, TRUE, TRUE, TRUE, 4, 'Three weeks complete. The version of me from day one would not recognise this routine.', 'Slight overconfidence — skipped warm-up. Pulled a muscle briefly.', 'Always warm up. No shortcuts on the body.', '1a82407e-18fb-4443-9515-c72451d361c3/11a86349-b829-44ba-82e8-8fbb7b2287ec.jpg', '2024-09-09 21:00:00'),
('d4e5f6a7-b8c9-0123-defa-234567890123', 22, TRUE, TRUE, TRUE, TRUE, TRUE, 4, 'Muscle strain was minor. Full warm-up done. Zero issues.', 'Nothing significant today.', 'Four days to bronze. Stay sharp.', '1a82407e-18fb-4443-9515-c72451d361c3/11a86349-b829-44ba-82e8-8fbb7b2287ec.jpg', '2024-09-10 21:00:00'),
('d4e5f6a7-b8c9-0123-defa-234567890123', 23, TRUE, TRUE, TRUE, TRUE, TRUE, 4, 'Fastest run of the challenge today. Legs feel powerful.', 'Almost nothing. A very clean day.', 'Two days to bronze. Execute.', '1a82407e-18fb-4443-9515-c72451d361c3/11a86349-b829-44ba-82e8-8fbb7b2287ec.jpg', '2024-09-11 21:00:00'),
('d4e5f6a7-b8c9-0123-defa-234567890123', 24, TRUE, TRUE, TRUE, TRUE, TRUE, 4, 'One day from bronze. Feeling calm, not anxious. Ready.', 'Anticipation made concentration harder during reading.', 'Same execution tomorrow as every other day.', '1a82407e-18fb-4443-9515-c72451d361c3/11a86349-b829-44ba-82e8-8fbb7b2287ec.jpg', '2024-09-12 21:00:00'),
('d4e5f6a7-b8c9-0123-defa-234567890123', 25, TRUE, TRUE, TRUE, TRUE, TRUE, 5, 'BRONZE MILESTONE. 25 days done. This is the foundation. Now build the house.', 'Temptation to take a rest day as a reward. Stayed disciplined.', 'Bronze is not the prize. Gold is. Stay moving.', '1a82407e-18fb-4443-9515-c72451d361c3/11a86349-b829-44ba-82e8-8fbb7b2287ec.jpg', '2024-09-13 21:00:00'),
('d4e5f6a7-b8c9-0123-defa-234567890123', 26, TRUE, TRUE, TRUE, TRUE, TRUE, 4, 'Post-bronze letdown avoided. Came out stronger on day 26.', 'Slight complacency crept in during indoor workout. Cut one set short.', 'Full effort every set. No partial work.', '1a82407e-18fb-4443-9515-c72451d361c3/11a86349-b829-44ba-82e8-8fbb7b2287ec.jpg', '2024-09-14 21:00:00'),
('d4e5f6a7-b8c9-0123-defa-234567890123', 27, TRUE, TRUE, TRUE, TRUE, TRUE, 4, 'Full effort returned. Best indoor session in a week.', 'Nothing notable. Clean execution.', 'Keep stacking clean days.', '1a82407e-18fb-4443-9515-c72451d361c3/11a86349-b829-44ba-82e8-8fbb7b2287ec.jpg', '2024-09-15 21:00:00'),
('d4e5f6a7-b8c9-0123-defa-234567890123', 28, TRUE, TRUE, TRUE, TRUE, TRUE, 3, 'Four weeks complete. Completing the checklist through fatigue is becoming a skill.', 'Week-four fatigue is real. Everything felt heavy today.', 'Recovery is part of the programme. Sleep eight hours tonight.', '1a82407e-18fb-4443-9515-c72451d361c3/11a86349-b829-44ba-82e8-8fbb7b2287ec.jpg', '2024-09-16 21:00:00'),
('d4e5f6a7-b8c9-0123-defa-234567890123', 29, TRUE, TRUE, TRUE, TRUE, TRUE, 4, 'Eight hours of sleep. Fatigue almost completely gone.', 'Hunger was unusually high today.', 'Research whether calories need adjusting given current output levels.', '1a82407e-18fb-4443-9515-c72451d361c3/11a86349-b829-44ba-82e8-8fbb7b2287ec.jpg', '2024-09-17 21:00:00'),
('d4e5f6a7-b8c9-0123-defa-234567890123', 30, TRUE, TRUE, TRUE, TRUE, TRUE, 5, 'Day 30. Forty percent done. Ran 10k for the first time ever today.', 'Knees slightly tender after the 10k. Iced them immediately.', 'Ice knees post long run as standard practice.', '1a82407e-18fb-4443-9515-c72451d361c3/11a86349-b829-44ba-82e8-8fbb7b2287ec.jpg', '2024-09-18 21:00:00'),
('d4e5f6a7-b8c9-0123-defa-234567890123', 31, TRUE, TRUE, TRUE, TRUE, TRUE, 4, 'Knees fine after icing. Kept todays run shorter as a precaution.', 'Weather turned cold. Outdoor motivation dropped.', 'Cold weather is not an excuse. Dress for it.', '1a82407e-18fb-4443-9515-c72451d361c3/11a86349-b829-44ba-82e8-8fbb7b2287ec.jpg', '2024-09-19 21:00:00'),
('d4e5f6a7-b8c9-0123-defa-234567890123', 32, TRUE, TRUE, TRUE, TRUE, TRUE, 4, 'Bought running jacket. Cold weather running is now fine.', 'Missed a chapter in the reading and had to go back. Concentration slipping.', 'Read with zero distractions — phone in another room.', '1a82407e-18fb-4443-9515-c72451d361c3/11a86349-b829-44ba-82e8-8fbb7b2287ec.jpg', '2024-09-20 21:00:00'),
('d4e5f6a7-b8c9-0123-defa-234567890123', 33, TRUE, TRUE, TRUE, TRUE, TRUE, 4, 'Phone-free reading. Best focus in weeks.', 'Nothing today. Everything executed cleanly.', 'Protect the phone-free reading habit going forward.', '1a82407e-18fb-4443-9515-c72451d361c3/11a86349-b829-44ba-82e8-8fbb7b2287ec.jpg', '2024-09-21 21:00:00'),
('d4e5f6a7-b8c9-0123-defa-234567890123', 34, TRUE, TRUE, TRUE, TRUE, TRUE, 4, 'Well past halfway to silver. Body feels like a machine.', 'Slight ego involvement — started comparing body to others online. Stopped it.', 'Measure against day one self only. No one else.', '1a82407e-18fb-4443-9515-c72451d361c3/11a86349-b829-44ba-82e8-8fbb7b2287ec.jpg', '2024-09-22 21:00:00'),
('d4e5f6a7-b8c9-0123-defa-234567890123', 35, TRUE, TRUE, TRUE, TRUE, TRUE, 5, 'Five weeks done. Strength gains are now obvious to people around me.', 'Compliments from others made me briefly want to coast. Caught it.', 'External validation is not the goal. Internal standard is.', '1a82407e-18fb-4443-9515-c72451d361c3/11a86349-b829-44ba-82e8-8fbb7b2287ec.jpg', '2024-09-23 21:00:00'),
('d4e5f6a7-b8c9-0123-defa-234567890123', 36, TRUE, TRUE, TRUE, TRUE, TRUE, 4, 'Raised indoor workout weights again. Getting objectively stronger.', 'DOMS returned from the weight increase. Expected but uncomfortable.', 'Trust the recovery process. The soreness means growth.', '1a82407e-18fb-4443-9515-c72451d361c3/11a86349-b829-44ba-82e8-8fbb7b2287ec.jpg', '2024-09-24 21:00:00'),
('d4e5f6a7-b8c9-0123-defa-234567890123', 37, TRUE, TRUE, TRUE, TRUE, TRUE, 4, 'DOMS already fading. Body adapts faster now than it did on day one.', 'Diet was harder to manage at a restaurant. Ordered carefully.', 'Research menus in advance before eating out.', '1a82407e-18fb-4443-9515-c72451d361c3/11a86349-b829-44ba-82e8-8fbb7b2287ec.jpg', '2024-09-25 21:00:00'),
('d4e5f6a7-b8c9-0123-defa-234567890123', 38, TRUE, TRUE, TRUE, TRUE, TRUE, 4, 'Menu research habit starting. Dining out no longer a diet threat.', 'Nothing significant. Smooth execution.', 'Two weeks to silver. Stay the course.', '1a82407e-18fb-4443-9515-c72451d361c3/11a86349-b829-44ba-82e8-8fbb7b2287ec.jpg', '2024-09-26 21:00:00'),
('d4e5f6a7-b8c9-0123-defa-234567890123', 39, TRUE, TRUE, TRUE, TRUE, TRUE, 4, 'Ran with a friend for the first time. Accountability felt different in a good way.', 'Friend ran slower than my pace. Had to hold back.', 'Solo and social runs serve different purposes. Both are valid.', '1a82407e-18fb-4443-9515-c72451d361c3/11a86349-b829-44ba-82e8-8fbb7b2287ec.jpg', '2024-09-27 21:00:00'),
('d4e5f6a7-b8c9-0123-defa-234567890123', 40, TRUE, TRUE, TRUE, TRUE, TRUE, 5, 'Day 40. Eighty percent to silver. This is the most disciplined I have ever been in my life.', 'Hard to believe this is real. Imposter feeling appeared briefly.', 'Look at the log. Forty days of evidence. It is absolutely real.', '1a82407e-18fb-4443-9515-c72451d361c3/11a86349-b829-44ba-82e8-8fbb7b2287ec.jpg', '2024-09-28 21:00:00'),
('d4e5f6a7-b8c9-0123-defa-234567890123', 41, TRUE, TRUE, TRUE, TRUE, TRUE, 4, 'Reviewed the log as planned. The evidence is undeniable. Confidence restored.', 'Nothing today. The log review recentred everything.', 'Review progress weekly going forward.', '1a82407e-18fb-4443-9515-c72451d361c3/11a86349-b829-44ba-82e8-8fbb7b2287ec.jpg', '2024-09-29 21:00:00'),
('d4e5f6a7-b8c9-0123-defa-234567890123', 42, TRUE, TRUE, TRUE, TRUE, TRUE, 4, 'Six weeks complete. Habit stack is completely automatic. Zero effort to initiate tasks.', 'Slight plateau in visible body composition changes. Frustrating.', 'Plateaus are adaptation. They precede the next jump. Stay patient.', '1a82407e-18fb-4443-9515-c72451d361c3/11a86349-b829-44ba-82e8-8fbb7b2287ec.jpg', '2024-09-30 21:00:00'),
('d4e5f6a7-b8c9-0123-defa-234567890123', 43, TRUE, TRUE, TRUE, TRUE, TRUE, 4, 'Accepted the plateau mentally. Focused on execution, not results.', 'Nothing significant today.', 'Eight days to silver. One day at a time.', '1a82407e-18fb-4443-9515-c72451d361c3/11a86349-b829-44ba-82e8-8fbb7b2287ec.jpg', '2024-10-01 21:00:00'),
('d4e5f6a7-b8c9-0123-defa-234567890123', 44, TRUE, TRUE, TRUE, TRUE, TRUE, 5, 'Plateau broke. Noticeable change in physique overnight. Patience paid off.', 'Nothing today. The body rewarded the patience.', 'This is what trusting the process looks like.', '1a82407e-18fb-4443-9515-c72451d361c3/11a86349-b829-44ba-82e8-8fbb7b2287ec.jpg', '2024-10-02 21:00:00'),
('d4e5f6a7-b8c9-0123-defa-234567890123', 45, TRUE, TRUE, TRUE, TRUE, TRUE, 4, 'Three-quarters of the way to silver. Momentum is at an all-time high.', 'Urge to add more tasks to the challenge. Resisted adding scope.', 'Finish what I started. Additions after day 75.', '1a82407e-18fb-4443-9515-c72451d361c3/11a86349-b829-44ba-82e8-8fbb7b2287ec.jpg', '2024-10-03 21:00:00'),
('d4e5f6a7-b8c9-0123-defa-234567890123', 46, TRUE, TRUE, TRUE, TRUE, TRUE, 4, 'Smoothest day of the challenge so far. No friction anywhere.', 'Nothing. Absolutely nothing.', 'Four days to silver. Same as every other day.', '1a82407e-18fb-4443-9515-c72451d361c3/11a86349-b829-44ba-82e8-8fbb7b2287ec.jpg', '2024-10-04 21:00:00'),
('d4e5f6a7-b8c9-0123-defa-234567890123', 47, TRUE, TRUE, TRUE, TRUE, TRUE, 4, 'Finished the second book of the challenge. Reading speed has increased dramatically.', 'Starting a new book mid-challenge felt disruptive briefly.', 'Always have the next book chosen before finishing the current one.', '1a82407e-18fb-4443-9515-c72451d361c3/11a86349-b829-44ba-82e8-8fbb7b2287ec.jpg', '2024-10-05 21:00:00'),
('d4e5f6a7-b8c9-0123-defa-234567890123', 48, TRUE, TRUE, TRUE, TRUE, TRUE, 4, 'New book is excellent. Reading motivation at its highest.', 'Minor cold starting. Reduced intensity but completed everything.', 'Rest more tonight. Full intensity when fully healthy.', '1a82407e-18fb-4443-9515-c72451d361c3/11a86349-b829-44ba-82e8-8fbb7b2287ec.jpg', '2024-10-06 21:00:00'),
('d4e5f6a7-b8c9-0123-defa-234567890123', 49, TRUE, TRUE, TRUE, TRUE, TRUE, 4, 'Cold fading fast. Body recovering quicker than it used to. Fitness is protective.', 'One day from silver. Trying to stay emotionally level.', 'Silver is a milestone, not the destination. Keep the head level.', '1a82407e-18fb-4443-9515-c72451d361c3/11a86349-b829-44ba-82e8-8fbb7b2287ec.jpg', '2024-10-07 21:00:00'),
('d4e5f6a7-b8c9-0123-defa-234567890123', 50, TRUE, TRUE, TRUE, TRUE, TRUE, 5, 'SILVER MILESTONE. 50 days complete. Halfway. I am proof that this is possible.', 'Emotional on the run. Had to stop and breathe for a moment.', 'The final 25 days are where legends are made. Start them tomorrow.', '1a82407e-18fb-4443-9515-c72451d361c3/11a86349-b829-44ba-82e8-8fbb7b2287ec.jpg', '2024-10-08 21:00:00');

-- ============================================================
-- MILESTONES
-- ============================================================
-- Alex Carter: 75 Days
INSERT INTO milestones(user_id, badge_type, awarded_at)
VALUES
  ('a1b2c3d4-e5f6-7890-abcd-ef1234567890', 'bronze', '2024-09-25 22:00:00'),
('a1b2c3d4-e5f6-7890-abcd-ef1234567890', 'silver', '2024-10-20 22:00:00'),
('a1b2c3d4-e5f6-7890-abcd-ef1234567890', 'gold', '2024-11-14 22:00:00');

-- Maya Patel: 5 days only — no milestones yet
-- Jordan Ellis: bronze at day 25
INSERT INTO milestones(user_id, badge_type, awarded_at)
  VALUES ('c3d4e5f6-a7b8-9012-cdef-123456789012', 'bronze', '2024-09-29 21:00:00');

-- Marcus Webb: bronze at day 25, silver at day 50
INSERT INTO milestones(user_id, badge_type, awarded_at)
VALUES
  ('d4e5f6a7-b8c9-0123-defa-234567890123', 'bronze', '2024-09-13 21:00:00'),
('d4e5f6a7-b8c9-0123-defa-234567890123', 'silver', '2024-10-08 21:00:00');

-- ============================================================
-- Summaries
-- ============================================================
INSERT INTO weekly_summaries(user_id, week, summary, created_at)
VALUES
  ('a1b2c3d4-e5f6-7890-abcd-ef1234567890', 1, 'This week, you''ve made a strong start, but it''s been a bit of a rollercoaster ride. You''ve stayed consistent with your habits overall, but there have been some dips in mood mid-week. Specifically, day 3 saw your mood drop to 3, and while you were able to push through and complete your indoor workout, you mentioned feeling guilty about missing your outdoor walk. Thankfully, you were able to recover and finish the week strongly.\n\nYour goals have been showing up in your next_day_focus entries, and many of them have paid off. You successfully implemented your plan to set the alarm 15 minutes earlier on day 2, and your diet slipped back on day 6, but you were able to cook a batch of emergency meals for next time. You''ve also had some great days, like day 4 when you felt high energy all day and completed your outdoor run effortlessly.\n\nTo build on your progress, let''s focus on a few areas next week. One thing to work on is handling mid-week slumps - your mood dropped on day 3, and while you recovered, it''s worth exploring strategies to prevent this in the future. Try incorporating some relaxation techniques, like deep breathing or meditation, into your daily routine to help manage stress. Another area to focus on is planning for social events - you mentioned feeling awkward about sticking to your diet at a social event earlier in the week. Try to plan your meals or snacks ahead of time when you know you''ll be going out, and see if that helps you feel more in control. Finally, let''s work on building momentum on your high-energy days - your next_day_focus entry for day 4 had some great advice about using those days to build momentum, not coast. See if you can apply that principle to your daily habits next week.', '2026-03-20T01:02:24.445Z'),
('a1b2c3d4-e5f6-7890-abcd-ef1234567890', 2, 'This week showed a mix of consistent progress and minor setbacks. You maintained a strong streak through days 8-11, with daily workouts, clean diet, and steady reading. However, your mood took a dip on day 9, which carried over to day 12. It''s interesting that your next-day focus entries often turned into actual achievements the next day - for instance, day 9''s focus on blocking workout time paid off on day 10.\n\nNotable wins from the week include reaching the two-week milestone (Day 10), noticing visible improvements in physique and sleep quality (Day 14), and pushing through cravings to stay on diet (Day 11). You also successfully navigated social pressure to drink at a gathering (Day 13).\n\nTo build on this momentum, let''s focus on a few areas for improvement next week. High-mood days often correlate with consistent sleep (noted on Day 12 and Day 14), so prioritizing 7 hours of sleep each night should be a top priority - try going to bed 30 minutes earlier to see if that makes a difference. Additionally, your body is starting to adapt to the routine, but minor knee discomfort on day 14 suggests you might need to revisit stretching before outdoor workouts. Finally, your mind-wandering challenge (Day 8) and missed indoor workout (Day 9) indicate that finding ways to stay focused, especially on reading, should be a focus for next week - consider reading during a quiet morning hour.', '2026-03-20T01:03:27.496Z'),
('a1b2c3d4-e5f6-7890-abcd-ef1234567890', 3, 'This week has seen you steadily build on your momentum, with a strong streak of consistent habits and a notable increase in physical performance. Your mood ratings have remained relatively stable, with a slight dip mid-week but a swift recovery by the weekend. It''s also great to see that your next-day focus entries have been translating into tangible achievements the following day, demonstrating your growing self-awareness and proactive approach to improvement.\n\nOne of the standout moments from the week was day 16, when you pushed through a tough outdoor run in the rain and felt empowered afterwards. This kind of mental toughness is exactly what you''ve been building towards, and it''s fantastic to see you drawing on that inner strength. Another highlight was day 20, where you achieved a personal best with visible muscle definition and a faster running pace. This is a testament to your hard work and dedication to your goals. Finally, I want to acknowledge the resilience you showed on day 17, when a low mood made everything harder but you still managed to complete all your tasks.\n\nAs we move forward, I''d like to draw your attention to a few areas that may benefit from some focus. Hunger was a recurring challenge for you this week, and you may want to explore adjusting your macros to better manage your energy needs on high-output days -> Try tracking your calorie intake for a few days to identify patterns and see if any adjustments can be made. Additionally, you''ve been struggling with low mood on certain days, and it may be worth experimenting with different strategies to boost your mood, such as a short morning walk or some gentle stretching -> Try incorporating a 10-minute morning walk into your routine to see if it has a positive impact on your mood. Finally, you''ve been consistently completing all your tasks on time, but you may want to explore ways to make your workouts feel less sluggish, such as incorporating more variety in your exercise routine -> Try mixing up your workout routine by adding some new exercises or incorporating different types of exercise, such as', '2026-03-20T01:04:07.965Z'),
('a1b2c3d4-e5f6-7890-abcd-ef1234567890', 4, 'This week, you''ve maintained a consistent streak, adhering to your diet and completing both outdoor and indoor workouts every day. However, your mood ratings reveal a slight dip mid-week, with day 23 being the lowest at 3. It''s also worth noting that your next-day focus entries have been showing up as actual achievements the following day, which is a great sign of follow-through. Despite a few challenges, you''ve managed to stay on track and even reached a significant milestone on day 25.\n\nYour standout achievements this week include reaching the 25-day milestone, maintaining momentum post-milestone, and discovering a new running route for your outdoor workouts. You''ve also demonstrated discipline by resisting the temptation to celebrate with a cheat meal and catching a sloppy diet choice early on. Additionally, your ability to adapt and stay focused, as seen in your next-day focus entries, is a testament to your growth.\n\nAs you move forward, there are a few areas to focus on. Firstly, observe that your mood ratings have been consistently high on days 24 and 25, but dipped on day 28. -> Try to introduce small novelty elements, like new music or a walking path, to combat boredom. Secondly, while your diet has been perfect, you mentioned feeling mechanical about the routine on day 28. -> Experiment with a new recipe or cooking technique to add some variety. Lastly, you''ve been reading consistently, but mentioned feeling like it was a chore on day 27. -> Switch book genres temporarily if current book loses engagement.', '2026-03-20T01:04:38.886Z'),
('a1b2c3d4-e5f6-7890-abcd-ef1234567890', 5, 'This week had its ups and downs, but you maintained a remarkable level of consistency across all habits despite a few minor setbacks. Your mood rating started strong at 4 on day 29, dipped slightly on day 32, but recovered nicely by day 35. It''s great to see that your next-day-focus entries from day 29 and 31 have actually contributed to your achievements the following day, especially your focus on shifting your last meal to avoid hunger spikes.\n\nThe highlights of this week include your impressive endurance through a cold, pushing through carefully and still managing to complete your indoor workout on day 31. You also successfully returned to full outdoor routine on day 33, feeling back to 100 percent. Additionally, your mental reset after losing two days of full output was a testament to your resilience, and you''ve now crossed the halfway mark to silver. Lastly, your confidence is up, and your posture has improved noticeably.\n\nHowever, there are a few areas that require attention next week. Your hunger spikes in late evening are becoming a regular pattern -> try reducing your last meal by 30 minutes to 1 hour to see if that helps. Your slight feelings of isolation after skipping a social event on day 34 -> explore one way to socialise that fits within the program, even if it''s just a quick coffee break with a friend. Additionally, your mild DOMS in legs on day 35 -> add foam rolling session before bed on heavy leg days to help with recovery.', '2026-03-20T01:05:03.090Z'),
('a1b2c3d4-e5f6-7890-abcd-ef1234567890', 6, 'You''ve completed another week, and it''s been a solid one. Mood ratings have held steady between 3 and 5, with a dip on day 38, but you bounced back well. Notably, you''ve consistently followed through on your next-day focus entries, using them to drive real changes in your habits. For example, you used the app you mentioned on day 36 to pace yourself better, and on day 37, you left your phone outside the workout space as you''d planned.\n\nSome standout moments this week include setting a personal best on your morning run on day 36, reading a chapter that genuinely changed your perspective on day 37, and completing everything despite a low-energy day on day 38. It''s also great to see you reflecting on the process and planning ahead, like identifying the triggers behind your cravings on day 39 and starting to think about what habits to keep after day 75 on day 40. Those next-day focus entries are paying off.\n\nAs we move forward, let''s keep an eye on a few areas. It seems like day 38 was a low point for your energy, so consider scheduling workouts for morning whenever possible to see if that helps. Also, be aware that cravings for junk food are intensifying, and it might be worth exploring what''s driving those feelings. Finally, you''ve mentioned a slight plateau in visible progress, but it''s essential to remember that plateaus are normal – trust the process and stay consistent.', '2026-03-20T01:05:41.769Z'),
('a1b2c3d4-e5f6-7890-abcd-ef1234567890', 7, 'You''ve had a strong week overall, with a consistent streak of daily habits across all 7 days. This is a testament to your hard work and dedication to the 75 Hard challenge. However, you did experience a dip in mood on day 44, but quickly bounced back on day 45 with a renewed focus on processing setbacks and redirecting your energy. It''s also notable that your next_day_focus entries have been directly linked to your achievements on the following day, which is a great pattern to continue.\n\nYour highlights of the week include a particularly strong day 46, where you achieved your best outdoor run of the challenge and felt completely in flow. You also had a significant achievement on day 45, getting back on track and re-establishing a strong routine. Additionally, you''ve made great progress on your workouts, with visible abs appearing for the first time on day 48, and you''re now just one day away from reaching the silver milestone.\n\nYour focus areas for next week include addressing the slight anxiety you felt on day 49 about the final 25 days being harder. This is a normal concern, but try to approach each day with a clear focus on the present moment, rather than worrying about what''s ahead. You may also want to explore ways to increase the intensity of your workouts, as you mentioned wanting to push beyond your comfort zone. Finally, since your mood has been consistently high, try to use the energy to tackle any challenges that come your way, rather than waiting for motivation to strike.', '2026-03-20T01:06:21.085Z'),
('a1b2c3d4-e5f6-7890-abcd-ef1234567890', 8, 'This week was a strong foundation for the final push, with a slight dip in mood on day 53 due to external circumstances. You maintained an impressive streak of daily workouts and habits, and your reflection on emotional moments shows growth and awareness. Unfortunately, your next day focus entries sometimes didn''t translate into immediate achievements, which can be a pattern to work on.\n\nOne of the highlights this week was day 51, where you achieved a silver milestone and reported feeling energized, marking a significant shift in mindset. On day 55, you demonstrated resilience and bounced back from a tough emotional day, showcasing your growing capacity for resilience. Additionally, your achievements on days 51 and 55 suggest that you''re developing a stronger identity centered around discipline and progress.\n\nLet''s focus on a few areas to work on next week: \nEmotional moments becoming more frequent -> Try to acknowledge and accept emotions as valid, without letting them dictate choices, and remind yourself that you''ve overcome them before.\nMood rating consistently below 5 -> Take a 5-minute morning walk outside, even if it''s just around the block, to get some sunlight and fresh air.\nNext day focus often not translating into action -> Write down the specific actions you''ll take the next day, and prioritize the most important ones to ensure consistency.\nBoredom with indoor workouts -> Experiment with new exercises or workout routines to add variety and keep your mind engaged.\nCoasting towards the finish -> Focus on making the next 20 days the strongest weeks of the challenge, rather than taking things easy.', '2026-03-20T01:06:46.582Z'),
('a1b2c3d4-e5f6-7890-abcd-ef1234567890', 9, 'You''ve had a consistent week, with every single day meeting your diet and workout goals. Your mood ratings have been steady, hovering around a 4, which is a great place to be. Notably, you''ve been following through on your next-day focus entries, which suggests you''re developing a strong habit of reflection and planning. However, your mood didn''t dip this week, so it''s worth paying attention to how you handle potential setbacks in the future.\n\nYour wins this week include successfully adapting to new indoor exercises, achieving a high level of diet compliance, and pushing through a challenging workout despite feeling impatient. You''ve also started to think about post-75 Hard maintenance routines, which is a great sign of forward thinking. Additionally, you''ve found ways to enjoy cold-weather running, which shows your flexibility and resilience.\n\nOne area to focus on next week is your challenge of choosing the next book to read. You''ve noticed this challenge before, and it''s worth developing a strategy to make it easier. -> Consider making a list of book recommendations or authors you''d like to read, so you have a clear direction for your next choice. Another area to focus on is your potential loneliness. You''ve mentioned this challenge before, and it''s worth exploring ways to connect with others who are going through similar experiences. -> Consider joining an online community or finding a workout buddy to share your journey with.', '2026-03-20T01:07:13.209Z'),
('a1b2c3d4-e5f6-7890-abcd-ef1234567890', 10, 'You had a consistent week with a mix of high and low mood days, but overall you stayed on track with your habits. Your mood dipped slightly to 4 on days 67 and 68, but you bounced back to 5 on day 70. It''s also worth noting that your next day focus entries from days 65 and 66 showed up as achievements the following days, demonstrating your ability to follow through on your intentions.\n\nThe highlights from this week are your consistent adherence to your habits, with every day marked as a success. You also showed impressive clarity and focus, with no challenges reported on day 65 and a strong sense of determination on day 70. Additionally, your achievements included making progress on your book and completing your workouts with a personal best on day 67.\n\nYour focus areas for next week should be to stay grounded and avoid overconfidence. You can try breaking down the emotional weight of the end approaching into smaller, more manageable tasks, and prioritize self-care to avoid burnout.', '2026-03-20T01:07:49.932Z');

